編號,代號,名稱,產業,現價,漲幅(%),季乖離(%),年乖離(%),月營收MoM(%),月營收YoY(%),今年營收YoY(%),20日法人買賣超(張),轉折值,基準價,基準MA60,基準MA240,週轉折值,月轉折值
1,4164,承業醫,生技醫療業,30.100000381469727,-0.66,-10.95,-27.4,0.0,0.0,0.0,-3922,28.6,30.3,33.8,41.46,28.6,28.85
2,3062,建漢,電子工業,30.700000762939453,9.84,22.8,25.67,-57.16,-19.93,9.53,4443,30.65,27.95,25.0,24.43,30.65,29.25
3,3032,偉訓,電子零組件業,63.79999923706055,-2.89,-10.27,-22.38,-45.99,1.47,31.91,-1305,63.7,65.7,71.1,82.2,63.7,61.6
4,2913,農林,貿易百貨,12.600000381469727,1.2,-2.63,-12.56,-1.58,2.09,-9.66,-1415,12.2,12.45,12.94,14.41,12.2,12.55
5,5314,世紀*,其他,81.4000015258789,5.3,-8.85,-5.65,-29.92,136.76,207.58,-2155,74.8,77.3,89.3,86.27,74.8,70.1
