編號,代號,名稱,產業,現價,漲幅(%),季乖離(%),年乖離(%),月營收MoM(%),月營收YoY(%),今年營收YoY(%),20日法人買賣超(張),轉折值,基準價,基準MA60,基準MA240,季度成本(AVWAP),共振程度(%),20日內最大量(倍)
1,2006,東和鋼鐵,鋼鐵工業,69.4000015258789,-1.56,2.06,11.43,-34.02,-30.64,-9.54,25984,78.62,70.5,68.0,62.28,69.93,0.94,4.23
2,1409,新纖,紡織纖維,15.850000381469727,-0.63,3.19,14.28,-16.97,-18.38,-19.79,10875,17.6,15.95,15.36,13.87,15.63,1.48,4.27
3,8215,明基材,電子工業,22.850000381469727,-2.35,9.23,3.68,-16.39,-14.19,-2.48,-2027,33.1,23.4,20.92,22.04,22.59,1.74,5.92
4,8076,伍豐,電腦及週邊設備業,24.149999618530273,-2.23,0.79,-1.11,62.63,111.74,31.08,2751,29.4,24.7,23.96,24.42,24.5,0.11,4.64
5,4566,時碩工業,電機機械,58.599998474121094,-2.82,0.53,1.97,-25.2,-2.8,6.26,-615,63.9,60.3,58.29,57.47,59.39,1.55,4.87
6,5443,均豪,半導體業,101.0,-2.88,7.61,14.63,31.26,18.01,4.03,4709,113.2,104.0,93.86,88.11,98.24,2.68,5.24
