編號,代號,名稱,產業,現價,漲幅(%),季乖離(%),年乖離(%),月營收MoM(%),月營收YoY(%),今年營收YoY(%),20日法人買賣超(張),轉折值,基準價,基準MA60,基準MA240,週轉折值,月轉折值
1,5314,世紀*,其他,79.80000305175781,3.23,-10.64,-7.5,-29.92,136.76,207.58,-2155,74.8,77.3,89.3,86.27,74.8,70.1
2,3062,建漢,電子工業,29.200000762939453,4.47,16.8,19.53,-57.16,-19.93,9.53,4443,30.65,27.95,25.0,24.43,30.65,29.25
3,3032,偉訓,電子零組件業,64.19999694824219,-2.28,-9.7,-21.9,-45.99,1.47,31.91,-1305,63.7,65.7,71.1,82.2,63.7,61.6
4,2913,農林,貿易百貨,12.550000190734863,0.8,-3.01,-12.91,-1.58,2.09,-9.66,-1415,12.2,12.45,12.94,14.41,12.2,12.55
5,4164,承業醫,生技醫療業,30.5,0.66,-9.76,-26.44,0.0,0.0,0.0,-3922,28.6,30.3,33.8,41.46,28.6,28.85
