編號,代號,名稱,產業,現價,漲幅(%),季乖離(%),年乖離(%),月營收MoM(%),月營收YoY(%),今年營收YoY(%),20日法人買賣超(張),轉折值,基準價,基準MA60,基準MA240,週轉折值,月轉折值
1,5314,世紀*,其他,80.0999984741211,3.62,-10.3,-7.15,-29.92,136.76,207.58,-2155,74.8,77.3,89.3,86.27,74.8,70.1
2,3062,建漢,電子工業,29.25,4.65,17.0,19.73,-57.16,-19.93,9.53,4443,30.65,27.95,25.0,24.43,30.65,29.25
3,3032,偉訓,電子零組件業,64.0999984741211,-2.44,-9.85,-22.02,-45.99,1.47,31.91,-1305,63.7,65.7,71.1,82.2,63.7,61.6
4,2913,農林,貿易百貨,12.600000381469727,1.2,-2.63,-12.56,-1.58,2.09,-9.66,-1415,12.2,12.45,12.94,14.41,12.2,12.55
5,4164,承業醫,生技醫療業,30.600000381469727,0.99,-9.47,-26.19,0.0,0.0,0.0,-3922,28.6,30.3,33.8,41.46,28.6,28.85
